RUNNUMBER;MaxWidth;MinWidth;NumberOfOrders;AverageWidth;Deviation;AVGNUMBEROFREELS;WeightedAverageWidth;TOTALWASTEPERCENT
00001;6100;500;114;2869.73684210526;1674.20062051885;914.380037487435;2841.88588269988;0.6289586748
00002;5800;900;78;3391.34615384615;1725.21797476132;527.073170719411;3267.40670998883;4.3987782326
00003;6100;1500;78;3664.42307692308;1605.83109136858;578.35622073648;3635.49017745534;7.8287841191
00004;6100;500;72;3813.54166666667;1878.72136573533;588.075038076501;3634.85642935422;3.3854166667
00005;6100;400;105;3182.14285714286;1634.94631427134;835.282809363358;2654.45021390136;1.0815878155
00006;6100;500;117;3203.84615384615;1520.42705896882;921.380093186419;2938.57342308963;1.3582229359
00007;5900;400;108;2673.61111111111;1704.53570751485;724.944557126102;2630.12458537619;0.4715572057
00008;5700;600;117;3348.07692307692;1257.61968069572;940.896877882358;3592.42536268651;4.3115201091
00009;6100;400;54;3105.55555555556;1569.08267476624;467.979441726211;2936.65419986597;1.3148918753
00010;5500;600;39;2930.76923076923;1649.97469616225;350.926602035153;2675.06275876634;2.4305134118
00011;5600;600;102;2808.82352941176;1458.72522953518;815.463692816829;2787.6967224647;0.7003837274
00012;5700;500;111;2901.35135135135;1621.88806164941;881.868344421717;3086.63206514059;1.1033528753
00013;5800;700;93;3177.41935483871;1492.08994310563;718.867002447347;2939.14568696297;1.8788782196
00014;6000;600;105;2940;1666.90639301579;805.693548270138;2973.81360226065;2.2643112973
00015;5600;600;78;2921.15384615385;1662.62426018912;658.877482858028;2784.36634927775;0.0545851528
00016;5900;500;69;3057.60869565217;1612.08843555213;636.388097865421;2918.98029104357;0.2462121212
00017;5300;500;51;2691.17647058824;1251.75700047385;323.77401465763;2839.97344790377;0.6084489281
00018;5400;400;72;3117.70833333333;1523.13981156143;495.497286351667;2818.10571144799;0.7632398754
00019;6100;400;105;2927.85714285714;1770.86569675232;735.564981742519;2985.14410311802;1.5309715671
00020;5800;600;84;2983.92857142857;1446.3166910259;643.403037816241;2847.29617160641;2.2881496193
00021;6100;600;90;3497.5;1685.75096625353;701.998351955946;3396.39246519686;1.614658926
00022;5300;400;39;3319.23076923077;1476.36490749441;327.278043281468;3464.60055897397;15.9861123242
00023;6100;400;117;3166.66666666667;1783.84754644715;936.420133312061;3218.78745439763;3.2297178131
00024;6100;1000;87;3754.31034482759;1598.89227141462;693.720554404185;3744.05778716976;5.4311014879
00025;6100;600;54;2911.11111111111;1646.3343119387;473.746481713782;2977.24590743281;1.2917394151
00026;6000;600;78;3091.34615384615;1557.54774646477;672.232795933907;3268.16161847026;1.2093677031
00027;6100;500;114;3146.71052631579;1583.14026862868;942.118476693192;2960.2139819468;1.2848256941
00028;6100;500;78;3101.92307692308;1570.08235179197;538.912099708986;3388.39889226028;5.1929591611
00029;6100;600;93;2882.25806451613;1595.26550129919;767.632808064604;2877.04442908848;0.4136029412
00030;6000;700;72;3346.875;1685.1147069871;477.262289779089;3606.83792780515;6.6313755644
00031;6100;500;123;3087.80487804878;1467.67549937015;1023.73390534681;3283.09897058468;1.4760822989
00032;5500;600;42;3044.64285714286;1895.29693691888;231.266732000996;3236.45470500544;3.3593606044
00033;6000;500;93;2941.93548387097;1837.95343891474;796.339276417765;2959.09546499317;1.6799474873
00034;6000;400;108;3651.38888888889;1564.17558132749;835.652500587125;3446.28128395305;1.390754485
00035;6000;1300;51;3176.47058823529;1563.30108875982;527.536411883535;3076.66328518545;4.3521789229
00036;6100;500;99;2951.51515151515;1742.81988463475;750.105924831153;2946.1062137163;2.0650813517
00037;6100;800;45;3016.66666666667;1873.67377339037;363.843601809326;3257.16198728096;2.7570093458
00038;5200;1300;54;3373.61111111111;1189.29399410008;439.260664545898;3444.25241954849;6.2548828125
00039;6100;400;81;3349.07407407407;1426.35595818311;732.810416320541;3426.75336287046;1.2442294315
00040;6000;600;111;3462.16216216216;1663.31017465196;857.249227491999;3504.4436725495;2.9509510453
00041;5800;600;54;2805.55555555556;1893.79365362642;389.716248609391;2257.27869925816;0.7363353158
00042;6000;400;117;3095.51282051282;1729.92056632161;876.454296825024;3051.10891938893;1.1497196847
00043;4200;500;39;2592.30769230769;1183.74619776739;360.247719086448;2660.68963196954;1.2019668549
00044;6000;500;111;3316.89189189189;1701.99135427433;1016.41229357218;3318.55278508975;2.8611444578
00045;5700;600;84;3173.21428571429;1465.29010303712;680.837930397391;3202.29021317784;3.4297839506
00046;6100;600;105;3357.14285714286;1588.54717992798;823.252162582127;3216.23088067614;0.8102927509
00047;5900;1000;54;3579.16666666667;1488.83224785875;433.626428825272;3551.48443527301;5.3764329806
00048;6000;700;57;2500;1474.76541718142;462.578622954073;2274.93633033128;0.2470128676
00049;5900;500;84;2837.5;1520.97533308579;716.139734887326;2897.76068722742;0.7355787844
00050;5800;400;48;2550;1417.99791435192;414.806660482483;2560.52153179859;1.415518515
00051;6000;700;51;3544.11764705882;1636.02099799555;384.466430654764;3507.8658394998;3.6168960188
00052;5800;1400;51;3545.58823529412;1685.4428637776;411.700683128059;3734.81530158963;10.5729604494
00053;5700;400;99;2834.09090909091;1684.22094320453;758.312714843488;2553.56737283239;1.1374492477
00054;5900;600;114;2990.78947368421;1480.51975729695;1021.58359894189;3050.72684570109;1.7282290807
00055;5700;800;63;2984.52380952381;1339.21489828138;489.923106055872;3219.25642822086;2.9914065049
00056;5600;600;39;3653.84615384615;1568.8742450436;286.593402884675;3626.51633017919;7.4170040486
00057;6100;1300;51;3852.94117647059;1623.53508630722;428.573467888694;3825.40337504214;4.9462456081
00058;5900;500;42;3108.92857142857;1524.30333375943;382.451605956797;3123.07934757172;0.8989726027
00059;6000;400;117;2937.82051282051;1764.776334443;946.490982810729;2974.57947635897;1.1370891628
00060;5000;800;39;2630.76923076923;1306.08975393888;307.298993607774;2627.7458212486;4.3064182195
00061;6100;500;63;3654.7619047619;1704.73047452769;470.72988946842;3737.73924936548;5.8547299856
00062;5600;700;63;3304.7619047619;1575.3766647836;481.286362888946;3238.40555805859;3.2679045093
00063;5800;600;51;3273.52941176471;1758.97990156728;390.520109522236;3502.26252461229;2.8672598047
00064;6000;700;51;3891.17647058824;1698.55691345191;398.26655120484;3699.19510488464;6.2571888659
00065;6000;400;105;3262.85714285714;1601.70099742893;896.621749211878;3184.72699724478;1.2190311928
00066;5700;400;69;2848.91304347826;1552.43780531981;570.777538316142;2798.83178498432;1.1601631393
00067;5500;500;111;3132.43243243243;1470.30684256798;850.186013075605;3123.59493373554;0.8916124535
00068;6100;800;96;2937.5;1667.59754705605;851.067575419946;3039.36852411056;0.9222346996
00069;6100;500;75;2987;1715.48669321408;661.6240894522;2898.21979455566;0.3825586179
00070;6000;500;90;3052.5;1694.89919656505;609.035055605908;2804.0660430276;0.8482861744
00071;6100;1100;60;3602.5;1560.69777419361;372.219064310271;4025.63389626936;6.6845508482
00072;6100;700;123;3334.14634146341;1584.47342280928;1096.54920443945;3142.06754538171;0.8712507651
00073;5800;500;63;3138.09523809524;1501.74533636684;526.353948490922;3249.47677807258;1.8358185025
00074;6000;400;66;3217.04545454545;1515.92291697493;584.95624154661;3176.97244003178;2.6866283839
00075;5500;700;72;2753.125;1555.22142744378;615.629382466316;2672.30450621236;0.3096417683
00076;6000;700;51;3189.70588235294;1798.584001865;389.110606978805;3132.73182364878;2.2596153846
00077;5700;400;87;3194.8275862069;1635.89877300193;676.324450375635;3265.6514136349;1.9095875105
00078;5600;600;45;2420;1226.55976765764;332.465582589771;2428.14916056482;1.6680782985
00079;5400;700;45;2551.66666666667;1325.03644889833;400.499366775068;2408.11928357288;0.4957059864
00080;5900;400;114;3368.42105263158;1735.98067408362;795.54818961533;3258.29451646049;0.6770449521
00081;6000;400;114;3225;1647.56457431831;859.350228486137;3234.65496053784;0.7088068182
00082;6100;900;57;3378.94736842105;1674.73871545313;438.270054337055;3513.76159124027;4.8190759167
00083;5200;800;45;2123.33333333333;1123.42566610912;406.317674834293;2241.89258127194;0.3164556962
00084;6100;500;126;2850;1773.66569567097;1190.56558068643;2878.42740692135;1.8313726839
00085;6100;400;90;2984.16666666667;1681.29769469962;867.611116193405;3037.40516865358;1.2898250259
00086;5900;700;51;2325;1449.7844667398;402.968434374987;2211.37130699008;1.6856067804
00087;5900;400;99;3009.09090909091;1481.37439004728;716.105621880196;3025.66662737306;1.6298728942
00088;6100;600;129;3159.3023255814;1779.39066819872;978.176506412757;3211.5057627392;1.4886386691
00089;6100;400;90;3573.33333333333;1632.98083408667;591.179460744701;3639.70026432713;3.5392986497
00090;6000;400;111;2917.56756756757;1607.80622205098;942.708072549385;2836.14700616335;1.4979136328
00091;6100;1200;66;3562.5;1421.68135832731;586.257141801312;3432.99921470335;6.1607453849
00092;6000;1200;57;3119.73684210526;1675.28473620708;539.422763913809;3057.18835023666;3.0415359757
00093;6100;500;72;3428.125;1905.71757168479;490.470512561268;3204.73125370881;1.9053845795
00094;6000;500;84;3413.39285714286;1737.16223391378;505.783508338021;3550.4879103766;2.8041058321
00095;5700;400;54;2852.77777777778;1562.15310614678;466.560537674343;2991.05264949871;1.7218973359
00096;6000;800;117;3114.74358974359;1553.79524875909;966.717506476554;3154.44937412967;1.2122184966
00097;6000;400;54;2406.94444444444;1325.8266971281;417.511059399261;2440.72441951857;0.5087505088
00098;5800;1100;42;3301.78571428571;1484.19922625151;301.597048125395;3141.9060079479;4.8220542135
00099;5400;600;36;2714.58333333333;1610.44997039426;272.821564500834;2979.84345078458;1.1740071523
00100;5900;800;84;3110.71428571429;1345.78371999303;736.617124850481;2961.39797593643;1.320593963
00101;6000;600;180;3381.25;1643.90459317216;1374.27416351554;3553.05045859139;1.6836023112
00102;6100;600;240;3360;1632.81080646446;1885.09979668559;3744.29183947586;1.7840184507
00103;6000;700;138;3337.5;1720.30661097562;1110.89597515069;3178.73482481307;1.3779335865
00104;6100;1200;102;3603.67647058824;1383.28242258369;778.801485101045;3661.69187670726;4.2209991011
00105;6100;600;96;3539.84375;1657.23127584678;851.769876085143;3441.40114246586;1.6071133363
00106;6100;700;108;3338.19444444444;1579.35519469082;956.269412228131;3479.88118801241;3.1161588407
00107;6100;600;234;3229.16666666667;1661.89342414575;1917.63835720631;3248.4315525009;1.3681672546
00108;6100;600;72;3041.66666666667;1764.64196584056;525.654027028509;2821.061453424;2.3047308546
00109;5700;600;93;3142.74193548387;1512.00621047167;746.652929454388;3021.62988649595;0.3215020576
00110;6100;600;183;3446.31147540984;1824.46648116965;1495.22091807177;3615.56212119585;1.7100667427
00111;6100;700;102;3092.64705882353;1528.14595258994;795.450574996643;3108.88334796627;1.2933062151
00112;6000;800;63;3294.04761904762;1653.16603803392;464.143435421161;3021.24208252568;2.3644262459
00113;6000;600;261;3393.96551724138;1551.9372145925;2157.27822097228;3466.82682817071;1.3246698805
00114;6100;700;147;3033.16326530612;1499.49809886653;1123.97127288953;3078.13504854156;0.6820119352
00115;5900;600;309;3088.83495145631;1560.44109084426;2290.96361474858;3209.07893335013;0.7292547556
00116;6100;700;168;3547.76785714286;1621.21930152318;1351.76778728905;3621.44667893349;4.2063305729
00117;6100;600;162;3482.40740740741;1468.08143932528;1195.35724857084;3556.63675192897;3.2850911975
00118;6100;700;105;3328.57142857143;1701.22774024403;847.879234056055;3209.52314063057;0.8647214854
00119;5900;600;234;3377.88461538462;1544.22977993519;2012.03927085415;3392.10859875117;1.6668756138
00120;6100;600;237;3300;1669.4491251176;1939.95407975777;3301.00963453286;2.0129019523
00121;6000;700;123;3347.56097560976;1557.19645699498;1020.06874449159;3412.53001692913;1.669445106
00122;6100;1000;207;3378.6231884058;1404.91255404322;1707.8540595619;3408.79138750433;3.0805907629
00123;6000;600;153;3006.37254901961;1536.32692040033;1257.49097507886;3000.18197150838;0.4429945055
00124;6000;900;81;3426.85185185185;1492.27582999182;551.419039926387;2872.21673109148;2.1990740741
00125;6100;1000;177;3210.16949152542;1526.43690672111;1471.78782508338;3182.3192418323;3.2274549886
00126;6000;800;99;3176.51515151515;1547.43788483453;783.870679218064;3166.43379557815;2.4819289109
00127;6100;600;216;2985.06944444444;1571.52529070998;1646.20171145209;2985.49556780334;1.0431112677
00128;6100;600;171;3396.9298245614;1621.3561193133;1381.58262101513;3708.05342380071;1.1433744635
00129;6000;600;243;3490.12345679012;1498.83570005849;1872.4939922127;3508.16260544194;2.1515169217
00130;6100;600;168;3175;1467.49205590072;1338.75233634246;3176.71068932052;1.8139813468
00131;5100;1000;39;2717.30769230769;1252.8802848226;414.787249143562;2902.44477151507;3.1940383366
00132;5900;600;108;2868.75;1564.41564812343;839.393608080846;2758.96497786333;0.4730752595
00133;5900;600;126;3595.2380952381;1581.38456513814;961.581349221993;3786.16605952348;4.1631023667
00134;6000;600;228;3075;1462.04175018881;1854.26368838939;3146.53619555564;0.6492256059
00135;6100;600;195;3512.69230769231;1731.42641501469;1348.28946975776;3432.34524977536;2.2970239238
00136;6100;600;216;3395.48611111111;1679.09509676857;1741.76571800768;3481.76819980783;0.2721445221
00137;5900;800;72;3126.04166666667;1485.51952725135;537.060703651818;3295.22436356702;3.7087405495
00138;6000;600;303;3361.13861386139;1591.06235301642;2313.08881967291;3392.74491837283;1.2802540139
00139;6100;600;210;3203.21428571429;1534.13856157478;1668.41025686235;3039.57197411425;1.2413117421
00140;6000;600;186;3364.11290322581;1502.07033453386;1546.35069423464;3451.11046136397;1.252596054
00141;5900;600;168;3480.80357142857;1596.25303495528;1239.24703348862;3438.15688170423;0.5760368664
00142;6100;600;180;3520;1674.28672380795;1511.40287577423;3453.60791119558;2.7482300729
00143;6000;700;63;3551.19047619048;1601.57072957872;490.863602525136;3829.23412563437;10.752157379
00144;6100;1000;90;3104.16666666667;1564.80896813048;733.957111244506;3152.5745235826;2.998042095
00145;6100;600;288;3265.625;1605.7873203256;2545.29134888256;3347.54163374041;1.5522159545
00146;6100;600;219;3464.04109589041;1560.6653612684;1841.36259499285;3278.57272288082;1.5280944498
00147;6000;700;177;3169.49152542373;1731.93435643058;1287.24036931637;3491.27609719291;1.8533123028
00148;5800;800;114;3420.39473684211;1611.66092866912;907.959836656939;3532.58387959322;3.119911958
00149;6100;600;252;3416.36904761905;1666.27474463722;1913.23554215599;3371.82323638899;2.3390945805
00150;5900;700;153;3348.03921568627;1535.45951840566;1241.68148832557;3193.9227626604;1.0858489628
00151;6100;600;270;3270.83333333333;1648.05245826838;2080.70793145947;3307.46956418306;1.8426569569
00152;6100;700;135;3478.88888888889;1699.74994502777;1156.37690350421;3574.31031288445;1.9500918859
00153;6000;700;189;3190.47619047619;1530.56902077483;1493.71466489202;3275.14670862319;2.0200871568
00154;6100;600;213;3067.95774647887;1592.49150144309;1781.5393797885;3224.88311056458;0.4256662877
00155;6100;600;258;3234.3023255814;1366.38375638845;2157.20835794186;3164.74387533101;1.7172086226
00156;6100;600;297;3441.16161616162;1623.67791773761;2205.80819952623;3577.35016228403;3.2465363007
00157;6100;600;306;3040.44117647059;1632.01466105715;2410.55649975418;3253.88634405599;1.8291276808
00158;6100;600;273;3245.6043956044;1601.29741202105;2096.17102424287;3225.17869883053;0.8337088779
00159;6100;600;216;3387.84722222222;1518.74332071776;1589.49555898385;3038.73843431607;1.2346034968
00160;6100;600;249;3066.56626506024;1692.78418679137;1907.73527742999;3109.23597235349;1.1915808211
00161;6000;700;63;3234.52380952381;1610.23333169093;466.737788820776;3308.18287037582;1.5533617446
00162;5600;700;138;2795.65217391304;1388.4459129964;1132.68417344315;2714.81522571128;0.9374566795
00163;6100;600;243;3436.72839506173;1504.88402407824;1956.84573872702;3330.68653194745;0.3428342491
00164;6100;700;352;3430.96590909091;1648.95285048057;2025.72330887945;3577.88589712777;0.8072453797
00165;6100;900;93;3500.8064516129;1538.63934284459;806.573404479523;3587.33896044929;4.1980446558
00166;6000;600;126;3407.7380952381;1666.64772608285;993.25870014977;3560.92630810823;1.7464180924
00167;6000;600;276;2929.34782608696;1580.11769712224;2206.16220416572;2997.21909677027;0.9034443817
00168;6100;700;273;3118.40659340659;1500.35306122883;2144.43131963563;3013.53595507719;1.5072779954
00169;5900;700;111;3075.67567567568;1589.50556727649;879.817574335907;3140.8054408306;2.1625098353
00170;5700;600;78;3129.80769230769;1536.02866296386;713.346661078081;3156.32660907598;0.0339673913
00171;5900;900;57;3175;1394.72059413858;491.077034180396;3088.32042311854;0.791981456
00172;6100;800;198;3359.4696969697;1718.29011236304;1456.35123891975;3415.52612253587;2.1341354245
00173;6100;600;126;2896.42857142857;1662.63860861498;920.363060108261;2963.20076035065;0.78125
00174;6100;700;156;3267.30769230769;1560.66470377781;1145.55995903293;3346.59659567104;2.6328740157
00175;6000;600;69;3309.78260869565;1752.79303054536;588.256273127825;3371.0941724704;3.25820632
00176;6000;900;129;3237.20930232558;1472.7940213376;1089.76812848972;3248.516390676;1.9651804135
00177;6100;600;246;3329.26829268293;1549.64185235892;2009.479143919;3292.24263894831;2.0190759321
00178;6100;600;147;2872.95918367347;1622.68673652617;1378.76235234499;2979.08128746021;1.1427600932
00179;6100;700;297;3570.9595959596;1570.68951281254;2496.11277826227;3528.07988229282;2.0609250884
00180;6100;600;150;3102;1617.03525630526;1451.40831527256;3083.87236764284;1.2431210692
00181;5900;700;75;3524;1429.21637950993;600.076575216301;3635.7085831322;2.7238597332
00182;6000;600;201;2883.20895522388;1642.2624717503;1438.76062354319;2811.21501371263;1.0820270137
00183;6100;600;258;3499.70930232558;1621.9246303715;2010.17531830744;3347.18450492326;2.6254873294
00184;5700;600;51;3200;1674.99253729681;466.880071498871;3106.6520292158;2.5794938352
00185;6100;1600;42;3283.92857142857;1435.61856121677;345.839777930613;2929.55836864007;6.3580500496
00186;5900;600;168;3116.07142857143;1530.9342322941;1457.48675904824;3190.93755644097;2.1003991569
00187;6100;600;195;3451.15384615385;1479.51495845491;1469.49404203924;3411.42299038839;1.207325413
00188;6000;700;135;3151.66666666667;1624.30295038422;1009.92380709753;2997.20674237478;2.5551189317
00189;6000;700;99;3131.81818181818;1751.84603136955;725.194639151496;3012.32747763585;2.2832545735
00190;6100;1000;81;3544.44444444444;1488.61827712816;642.898612429899;3399.24497317735;4.2050161068
00191;6100;900;81;3023.14814814815;1547.72402345437;593.750598498637;2851.94679505467;2.4209894928
00192;6100;600;243;3545.98765432099;1497.7744687873;1868.86869883459;3588.11799190919;1.1796703297
00193;6100;700;168;3279.91071428571;1559.07921094225;1222.64494539363;3338.85053477241;1.8096193259
00194;6000;600;99;2812.87878787879;1547.51431547055;760.183389362579;2733.60134032935;0.958994709
00195;6100;600;282;3091.22340425532;1585.96928940115;2067.4961701687;3129.17742190395;1.3154459375
00196;6000;600;231;3175.32467532468;1583.57651158403;1677.32088483381;3296.95657049231;1.3909729213
00197;6100;600;273;3189.83516483517;1722.94866049458;2371.28443315219;3205.43451920926;1.0322449349
00198;6000;600;189;3109.92063492063;1522.64515398181;1530.61044024469;3081.89746945764;0.9565126878
00199;6100;1100;180;3894.16666666667;1403.25116312642;1363.60306907628;4002.87194821844;6.9734613213
00200;6100;600;207;3479.71014492754;1625.51490364867;1761.11311788976;3649.72518245449;1.8459970736
00201;4900;600;57;2907.89473684211;1459.72843223137;387.643050548387;2745.99818195275;3.0892103677
00202;6100;800;165;3772.72727272727;1603.67531901717;1378.36010783615;3844.67947273528;4.0605302912
00203;6100;600;96;3328.90625;1942.26308629433;815.297375412428;3334.551518732;2.5154656069
00204;6000;600;255;2867.64705882353;1545.57641342809;2073.62179264607;2779.2609024209;1.0559373431
00205;6100;600;162;3486.57407407407;1634.07556180365;1365.09968817774;3551.49331661735;1.2044270833
00206;6100;1000;234;3350.32051282051;1349.35901324149;2046.08570197767;3382.06088518761;2.0339189075
00207;6000;600;264;3293.46590909091;1354.76290307501;2165.34709789486;3336.40606420351;1.0047710293
00208;6000;600;219;3465.41095890411;1481.3672444424;1606.62682546868;3486.58231052084;1.3707563159
00209;6100;600;141;3585.63829787234;1596.20709485507;1112.23352446028;3737.27467403771;3.8459947037
00210;6100;700;108;3064.58333333333;1713.74707304603;841.747164777024;3225.27915066666;2.0548545391
00211;6100;600;165;3350;1710.55724767135;1250.41254484185;3399.97231686858;1.6109968954
00212;5900;600;276;3359.23913043478;1575.27364458876;2208.00343937253;3229.44103968943;1.2613779033
00213;6100;600;267;3359.26966292135;1618.05796826401;2177.22051744185;3332.20307935189;1.7632181255
00214;6100;800;159;2968.39622641509;1629.600238386;1109.81387316288;2840.80231285127;1.9553519757
00215;5100;1300;60;3097.5;1235.54095062769;488.936678045677;3334.27498986537;8.1297989736
00216;6000;700;123;3369.51219512195;1656.77179867441;1050.59911247131;3107.20500404286;1.3612462529
00217;6100;600;228;3125.98684210526;1652.63826317225;1814.02802636129;3191.25843519893;1.6057975337
00218;6100;600;264;3253.125;1764.57865248832;1985.26736746562;3258.1433072302;0.8333333333
00219;5900;600;117;3264.74358974359;1544.13222563313;974.730735871364;3394.94205375517;2.6292573384
00220;6100;600;201;3293.28358208955;1601.46563003366;1552.34388968846;3488.83528163177;2.3395970231
00221;6100;700;231;3379.54545454545;1717.06932740027;2059.06693947946;3234.23571218097;0.484840892
00222;6100;600;243;3297.53086419753;1538.32549366403;1990.94053648733;3232.35284528106;0.1546772555
00223;6000;700;99;3594.69696969697;1560.82981236072;674.299233048553;3501.61625116543;2.804806133
00224;5400;1200;57;2922.36842105263;1088.85060026583;505.301010997309;2973.45102786576;4.4541166754
00225;5800;1500;63;3325;1459.53483531017;447.383159355871;3716.74019114335;6.6514756944
00226;5900;900;81;3181.48148148148;1671.01100468482;560.987736823867;2966.00869812474;4.0602714516
00227;6100;800;201;3353.35820895522;1569.54947072234;1642.31390613693;3284.02217068039;1.1898081343
00228;6000;600;240;3295.625;1613.53182905982;1946.6003636176;3087.06557919689;0.3123208603
00229;6100;600;237;3331.01265822785;1649.3701378205;1915.73755042436;3285.82771933347;0.3702161137
00230;6100;600;228;3085.19736842105;1745.27293110445;1728.9826712318;3070.11088230466;1.7501008381
00231;6100;600;192;3274.21875;1684.12456916445;1578.94455875149;3477.2332217741;1.729108597
00232;6100;600;303;3101.48514851485;1624.08082172876;2461.71957388815;3196.42089128126;1.6813907096
00233;6100;800;138;3259.78260869565;1416.67736973325;1013.90266815305;3428.86836744657;3.4400310608
00234;5900;800;96;3242.1875;1539.74242762257;745.829465476673;3166.0677583909;1.7589017589
00235;6000;600;249;3273.19277108434;1645.7596867588;1759.99228228476;3221.48516375488;1.7966666018
00236;6100;600;165;3230.90909090909;1590.91813427902;1189.21951337591;3363.39684180649;3.4269424115
00237;6100;600;117;3256.41025641026;1675.39931500568;1026.69097611139;2991.4236073065;1.3174814711
00238;6100;600;270;2926.94444444444;1607.68756578191;2178.54455570499;2967.90947695107;1.4174767509
00239;5600;600;51;3044.11764705882;1496.96015507506;433.630826388329;3115.9101093364;3.2570616794
00240;6100;600;249;3639.15662650602;1704.15256928524;2143.63086045613;3513.53490338754;0.7435489276
00241;6100;600;237;3227.84810126582;1624.96408373822;1914.73919740692;3188.41147743555;0.6580269238
00242;6000;600;210;3100.71428571429;1540.69772744518;1562.15276103772;3319.08967555069;0.4249314627
00243;6100;600;144;2996.35416666667;1807.90070844361;1061.69789087485;3019.57292784845;2.185087808
00244;6100;600;231;3250.64935064935;1691.3445289594;1864.69336239745;3188.97940940564;0.3383282104
00245;5600;700;126;3305.35714285714;1424.45290249575;1120.65729465089;3456.6638662119;1.5756584117
00246;6100;600;213;3430.98591549296;1646.315917088;1684.22097399855;3455.25729035367;2.1713706534
00247;6100;600;90;2524.16666666667;1790.45318630774;718.214616975625;2351.95273980023;0.7054673721
00248;5800;600;126;3092.85714285714;1622.47298018444;1037.89546940751;3189.7215569962;0.5926860025
00249;6100;700;219;3267.12328767123;1634.69694982218;1808.54351149642;3306.99467489718;3.2746170888
00250;6100;600;123;3069.51219512195;1753.24797122956;773.722943771479;2729.96298177197;0.9929375568
00251;6100;700;105;2907.14285714286;1466.88901858905;813.472397658986;3053.24524737524;1.1729345615
00252;5600;700;60;2606.25;1408.02500970903;401.744460603727;2253.20413463009;1.144380311
00253;5100;700;63;3344.04761904762;1388.95204669507;508.203207441797;3577.963055889;11.6694078947
00254;5500;600;72;2970.83333333333;1403.58569987778;591.295408880333;2873.92881601515;2.7958515714
00255;6000;600;306;3304.16666666667;1657.20143566214;2460.05995278613;3374.64882928951;2.352326949
00256;6000;600;225;3257;1564.81378684494;1816.29122791016;3248.80664025045;1.0148791733
00257;6100;700;225;3270.33333333333;1582.65409145975;1573.01782636863;3447.32404929504;2.0360570304
00258;5600;1100;78;2975;1255.37804105936;552.420383100356;3073.83063882891;3.8633796783
00259;6100;600;78;3129.80769230769;1597.5735339269;584.330382478585;3157.0318710426;2.1609701265
00260;6000;600;234;3284.29487179487;1571.55052963113;2126.84519961722;3220.12798931516;1.418228438
00261;5600;600;72;3446.875;1644.08852214897;473.249964436092;3277.14382799793;2.2617912259
00262;6100;600;291;3204.38144329897;1575.39408168876;2447.92674678714;3051.34557456352;0.3987957315
00263;5800;700;87;3266.37931034483;1515.41894768702;576.847434068224;3061.64525577439;2.8816199377
00264;6100;800;246;3425.30487804878;1621.98618748258;1985.8667269926;3399.88563901537;1.9229981778
00265;5900;600;144;3180.72916666667;1533.01293549732;1092.10871720868;3312.97548768832;0.9226190476
00266;6100;600;270;3167.77777777778;1586.10329673254;2152.17129867131;3356.18734872045;1.680893042
00267;6100;600;210;3483.21428571429;1648.60054521697;1605.60675684124;3483.24614129846;1.9114818858
00268;6100;600;219;3476.3698630137;1594.7046677215;1837.65201548226;3475.8518150225;1.4357300171
00269;5900;800;165;3418.63636363636;1414.39586383913;1106.30012186748;3210.08563465539;1.1703327693
00270;5600;700;75;2749;1497.3368250222;554.626349798257;2752.72368360091;0.0323447452
00271;6100;700;228;3206.57894736842;1568.34585771847;1884.08918836355;3144.72827963627;1.9580279469
00272;6100;600;279;3366.66666666667;1707.09480166466;2180.42904132004;3469.45539196687;1.9014400897
00273;6000;600;144;3569.79166666667;1740.92269914709;1106.48567393728;3806.48619786261;5.454982247
00274;6100;1100;162;3214.81481481481;1472.12071736228;1183.31762447069;3324.08998958355;4.1376806397
00275;6100;600;114;3492.76315789474;1663.46983716616;935.57936359033;3542.20005351031;1.9359026576
00276;6100;700;246;3663.10975609756;1614.52222797926;2096.08799155348;3716.5587195855;1.8369784362
00277;6100;600;285;3088.42105263158;1773.56919070081;2055.61120760401;3026.63063677549;1.4975370076
00278;5700;600;96;2928.125;1484.16310814511;786.60632421042;2815.010396254;0.6283856988
00279;6000;900;96;3411.71875;1635.70342636224;855.650299182477;3236.07064791837;3.3873393492
00280;6100;600;204;3292.64705882353;1729.36670915118;1689.46489716955;3219.25473108221;1.9990004998
00281;5900;800;147;3273.97959183673;1658.89538040899;1214.27385650857;3241.27772237019;2.3166987102
00282;6100;600;69;3011.95652173913;1833.53969329965;538.985368282549;2836.10584460299;1.8824248777
00283;6100;600;222;3192.56756756757;1628.94698030499;1818.31224202707;3310.36459069954;1.0888327413
00284;6000;600;96;2830.46875;1687.41940597017;843.306757204443;2891.66145258108;1.147050015
00285;6000;600;306;3190.93137254902;1512.96360954235;2300.39580305183;3273.35768531655;1.6812321517
00286;6000;600;294;3310.45918367347;1702.49236391286;2644.48216890141;3329.58268773926;1.2291404416
00287;6100;600;270;3165;1595.65715215139;2035.99999900455;3312.5400361707;1.4450899848
00288;6000;600;105;3335.71428571429;1785.5821379675;945.003169904224;3259.17027595647;1.9672774548
00289;6100;600;129;3867.44186046512;1610.28677039884;1057.23286402566;3681.70407504811;4.7558309038
00290;6000;1000;252;3336.60714285714;1492.83371025799;2000.15552095247;3702.42414593948;2.4325529543
00291;6000;800;144;3220.83333333333;1598.68007181799;1127.48824231259;3135.42659793109;2.1417231483
00292;6100;600;183;3130.73770491803;1655.26379061996;1388.21847199945;3392.13847925364;1.4121116548
00293;6000;600;66;3425;1738.41771558108;644.503333078417;3486.55887912711;2.6670210881
00294;6000;600;168;3244.64285714286;1633.61979791514;1177.18230342735;3197.27491030579;1.4903653641
00295;6000;700;150;3468;1633.75961199886;1077.67876993998;3610.92547880372;4.4751581885
00296;6100;600;192;2983.59375;1636.7220310339;1671.47419233142;2905.7711480007;1.4218506532
00297;6100;600;204;3208.82352941176;1558.73174992111;1441.73380583521;3274.44548277441;1.482072786
00298;6000;600;123;3309.75609756098;1506.22558529408;1134.40575456955;3202.39576295007;1.0430734878
00299;6100;600;222;3163.51351351351;1469.67184667892;1803.95484594232;3034.0239529212;0.7830488961
00300;6100;700;57;3292.10526315789;1515.54561938468;420.196312052709;2936.878568001;0.9299981675
00301;5800;600;120;3220;1564.38701180017;972.917924317663;2852.09487149273;0.4530916844
00302;6100;700;276;3260.59782608696;1548.11131424854;2343.73483914536;3338.82381298725;1.5571514867
00303;6100;600;120;3439.375;1749.1494406586;883.050386403418;3486.44627287549;3.164856636
00304;5800;600;147;3390.30612244898;1281.20785590424;1164.29265373364;3376.77603929785;1.7206645898
00305;6100;600;168;3068.30357142857;1550.1387643465;1225.74729422458;2924.658900773;1.1995667613
00306;5300;1000;51;3007.35294117647;1545.40685676659;445.81980145677;3239.73338466491;5.6461352657
00307;6000;700;261;3343.96551724138;1487.07879710739;1826.06760028366;3392.13883481287;1.1291398525
00308;6100;800;153;3325.98039215686;1731.54479808375;1049.9512420192;3317.27407177749;2.8092390604
00309;6100;600;303;3352.47524752475;1591.16002038701;2101.02654909589;3336.95784738554;0.8279795602
00310;6100;700;72;3362.5;1650.56008419848;522.395711478045;3494.64911822443;1.4235190097
00311;6100;600;270;3387.22222222222;1680.40275162914;2302.35550896818;3372.4001665013;1.6902401089
00312;6000;600;261;3070.40229885057;1670.57766697011;2010.55406940841;3103.93970194569;1.6144689942
00313;6100;800;198;3233.71212121212;1703.87636075677;1534.20009406404;3228.75224521156;0.931926035
00314;6000;600;168;3115.17857142857;1657.90619817084;1183.80592129315;2977.78048339523;1.696762142
00315;6100;600;264;3771.59090909091;1544.83923366278;2095.76421852825;3857.46999276348;2.5759396277
00316;6100;800;60;2828.75;1489.1829249284;513.098177207472;2945.08170112895;3.3733382148
00317;6100;600;264;3559.94318181818;1622.38180321113;1986.38628684758;3368.44223602322;1.9570625485
00318;6000;600;75;3461;1446.30376981967;574.996208245563;3539.44590992925;2.3113322009
00319;6100;600;141;3254.25531914894;1585.61321352905;1043.77160163112;3467.39922771622;1.6858282042
00320;5800;600;39;3217.30769230769;1612.77949277255;389.38995584039;3374.01143877294;4.7559690011
00321;6000;900;78;2967.30769230769;1653.03394664817;611.246428963148;2805.25001194228;2.0660800552
00322;6100;700;162;3374.53703703704;1662.74363605484;1269.06164612456;3417.44880922898;1.2740183793
00323;6100;700;138;3014.13043478261;1576.6167594632;1151.99956782665;2859.885921691;1.1814598282
00324;6100;600;195;3627.69230769231;1621.71231501536;1595.40743660375;3737.53791661378;2.1969288246
00325;6000;600;132;2596.02272727273;1390.55850422699;1149.09301163729;2691.19668963878;0.5735759494
00326;6100;700;120;3430;1706.27118141807;899.39132757975;3358.44444220538;1.4046822742
00327;6100;700;273;3334.61538461538;1636.18367008794;2300.69311170928;3449.58839260691;1.4028998084
00328;6100;600;303;3226.9801980198;1549.30427868478;2448.56083971129;3321.35572093781;0.9017136724
00329;6100;600;285;3513.42105263158;1619.01447969767;2377.53067623487;3530.44458953407;0.9058000823
00330;6100;600;276;3206.79347826087;1696.07207954493;2090.83314918579;3240.64950150086;0.584259671
00331;5900;600;54;3258.33333333333;1417.7696409209;381.759099091239;3352.37823931111;5.2576925179
00332;6100;900;138;3509.23913043478;1496.44065563252;1084.91259647394;3506.79671852019;2.7595944038
00333;6100;700;261;3485.05747126437;1611.60511738349;2265.52717256188;3350.74136125495;1.9700602839
00334;5700;800;93;3408.87096774194;1735.51319452982;734.870233282834;3291.78267532686;2.8253312344
00335;6000;700;219;3238.69863013699;1616.5449112363;1650.52060039062;3105.44553359333;1.3108484513
00336;6100;600;219;3408.56164383562;1550.6484614506;1652.78972833279;3425.42158572585;2.780858037
00337;6100;800;117;3769.23076923077;1592.51815008666;919.7501764126;3989.32037505203;3.7878787879
00338;5800;800;117;3199.35897435897;1502.72906029238;894.666778664502;3168.01638783486;1.3033598856
00339;6100;700;234;3341.34615384615;1652.5381712869;1673.51210551942;3065.90088441997;1.890518408
00340;6000;700;267;3426.96629213483;1553.45188354793;2055.33553828927;3445.94581845;2.3459563867
00341;6100;700;129;3469.18604651163;1663.66709394977;947.222335979608;3426.27826025527;2.6237247085
00342;6100;600;153;3333.82352941176;1570.3237560823;1199.73050760269;3303.34457298029;1.4769230769
00343;6000;700;87;3509.48275862069;1529.79726474161;666.208902335005;3407.1863869078;2.3600097226
00344;6100;600;291;3027.31958762887;1587.93979439241;2372.84443569919;2981.1486750317;1.074259491
00345;5900;600;225;3237.33333333333;1595.00146943506;1774.02616568882;3238.49135830234;0.7865720453
00346;6000;700;207;3401.44927536232;1589.2380252987;1588.49001358154;3271.37374122868;1.705592203
00347;6100;600;237;3368.98734177215;1631.93702749325;1779.3173608934;3496.29677386943;0.575006389
00348;5700;600;126;3073.80952380952;1620.42542914772;879.60720536518;3397.46092699508;1.7068533913
00349;6100;600;99;3006.06060606061;1693.79529048978;835.992605566079;3067.2674760452;0.4977375566
00350;6100;700;267;3165.16853932584;1543.67167685483;2205.57853025518;3216.01459185822;1.0229856024
00351;6100;600;210;3265.35714285714;1683.6141749286;1798.68562493774;3384.91960252333;0.6868972007
00352;6100;700;129;2980.23255813953;1539.64749167437;1112.76196434497;2905.96015931285;1.4100759921
00353;6000;700;60;3186.25;1642.22890727764;522.95635236977;3195.25780556131;5.152876424
00354;6100;600;273;3113.46153846154;1602.35052969774;2060.19387567928;3106.55995646785;1.2286159087
00355;5400;700;36;2600;1371.96418112344;320.55734144509;2403.29121801005;1.0582010582
00356;6100;600;168;3225.89285714286;1621.8679924269;1291.47652071116;3281.59205835494;2.5434296526
00357;6100;600;195;3548.84615384615;1587.41079038996;1462.89464998224;3751.96729596059;2.599784854
00358;6100;600;240;3214.6875;1629.33374678747;1984.33916192592;3107.46969057284;1.4649560727
00359;6100;600;99;3538.63636363636;1861.87334591137;836.519660305191;3611.81166661374;3.7342158381
00360;6100;600;231;3375.97402597403;1697.74038554595;1891.17497751103;3439.42386844922;1.3858026708
00361;6100;600;237;3154.11392405063;1627.59943840048;1823.12264451862;3116.88382391012;0.9926498567
00362;6000;700;147;3477.04081632653;1503.23142285258;1248.15097072516;3380.18460116813;2.1108985059
00363;6100;700;294;3283.67346938776;1601.17851504483;2264.91079205389;3297.81290448022;1.5121595832
00364;6100;700;48;3990.625;1627.38062117324;341.052682877009;3841.25852074454;10.6968810916
00365;6000;700;120;3511.875;1622.52708572386;1086.28285700702;3430.09894671665;1.7161824945
00366;6100;600;123;3251.21951219512;1725.63202266559;958.664465550291;3408.66185077666;1.9488241445
00367;6100;600;273;3232.96703296703;1607.1854928626;2173.24461937703;3294.56587690192;1.9618150469
00368;6100;600;162;2997.22222222222;1640.47694170729;1161.98117763706;2611.50122324649;1.801265304
00369;6100;800;192;3332.421875;1646.40660406426;1570.34248549729;3264.48249801228;2.0881909203
00370;6100;700;258;3236.33720930233;1560.7524794758;1969.19892796677;3149.70950501199;1.5357212848
00371;6000;600;57;2864.47368421053;1491.20896668804;326.079415230222;3016.50791789302;2.8470058844
00372;6100;600;174;3316.37931034483;1520.07913348451;1559.25646543191;3224.8702083812;1.6464252151
00373;4000;600;48;2117.1875;870.148499340346;414.002173426499;2157.41562411028;0.326598507
00374;6000;600;267;3210.39325842697;1733.31116881081;2121.19958491937;3169.02625884147;1.5207746419
00375;5900;600;63;2735.71428571429;1795.9054812812;532.670741312639;3054.51511962794;1.0250796178
00376;6100;600;255;3050.29411764706;1602.51322416593;1909.20263947842;3014.69627799545;1.4486330776
00377;6000;700;237;3375.3164556962;1539.77195547106;1995.5600962511;3397.38914016818;1.8897988838
00378;6100;600;297;3250;1696.712839422;2492.75633069188;3381.6720196597;1.8520168385
00379;5800;800;129;3333.13953488372;1605.31393806723;1166.77238333786;3347.98167228336;2.806706711
00380;6100;600;168;3162.5;1448.5332246773;1358.60941634963;3012.74028751153;1.0824282997
00381;6100;600;237;3266.13924050633;1742.61473421002;1926.52916104261;3452.594839276;0.8011947181
00382;6100;600;252;3380.35714285714;1620.97834293845;2116.42344538761;3476.74004677011;1.8729330351
00383;6100;600;195;3278.07692307692;1631.36446566227;1473.2336415255;3302.98348489258;1.5984808686
00384;6100;600;210;3448.57142857143;1648.05172990502;1810.55347131559;3474.50913586315;1.6526975063
00385;6100;600;168;3194.19642857143;1663.93807555107;1414.23725436598;3130.84118850282;0.9255908295
00386;6000;700;204;3424.63235294118;1584.11619689136;1753.18038239596;3460.09798663941;1.160364686
00387;6100;600;291;3283.24742268041;1610.22080964453;2229.67790318243;3226.31931070566;0.9276921969
00388;6100;700;90;3049.16666666667;1602.90926691985;703.989063275821;2776.26742818014;0.3148723257
00389;5800;600;111;3156.08108108108;1463.03784289051;915.468086538683;2813.98359693392;0.6482842402
00390;6100;600;129;3166.27906976744;1667.74797620523;867.729839918037;3463.03916636617;2.1332570775
00391;6100;600;198;3601.13636363636;1461.98290232522;1529.34524853703;3540.66507549235;1.6547836979
00392;6100;600;297;3532.32323232323;1494.43754330637;2559.29739972354;3576.94684945871;2.0567229776
00393;5300;700;75;2933;1300.33883318198;550.443174697625;2938.32052596556;2.3085585586
00394;6100;600;138;3703.26086956522;1772.79941230469;1214.08951050307;3697.8425928536;2.7037381197
00395;6000;600;198;3150.75757575758;1613.0139937328;1744.15187623484;3151.45227764022;1.4032711562
00396;6000;600;123;3219.51219512195;1410.14160645656;942.794639085073;3159.41614396849;0.8452199477
00397;6000;600;300;3257;1655.06625679496;2582.1938930308;3270.0480036425;1.8026912388
00398;6100;700;186;3230.24193548387;1558.65805780191;1442.24293885583;3031.78867907013;1.2786791735
00399;6100;600;288;3266.40625;1751.63622409551;2420.31700482821;3310.06834262216;1.5863792405
00400;6100;700;252;3655.95238095238;1453.78311461405;1929.00515928851;3628.04969502458;2.0154183391
00401;6000;600;195;3380.76923076923;1594.95683071106;1504.30896494762;3194.38930097949;0.4408605876
00402;6000;600;189;3261.50793650794;1482.75879524739;1544.77640508662;3266.98927549415;1.105744789
00403;6000;600;117;3433.97435897436;1582.88754834833;1032.18380786911;3755.27445299128;4.512220316
00404;6100;600;294;3076.02040816327;1590.78478269;2299.77915330644;3007.44720195485;1.3294659038
00405;6100;1900;57;3714.47368421053;1405.39416312983;411.47336756661;3640.94492257555;3.7571022727
00406;6100;600;177;3415.67796610169;1572.05418713728;1342.24787075521;3410.02375496498;1.3834951456
00407;6000;800;99;3290.15151515152;1548.77263033745;700.677045243379;3079.76304574136;2.7882095705
00408;5900;700;198;3235.98484848485;1473.12296975956;1508.4000600156;3037.95475468528;0.5386257764
00409;6100;600;129;3151.74418604651;1486.84066941803;1075.57058701721;2960.05996314127;1.7690771961
00410;6100;600;126;2950.59523809524;1582.06025260012;883.356088060204;2836.85553004199;0.496031746
00411;6100;600;282;3400.53191489362;1619.0232768135;2327.66926084176;3416.22087001666;0.4212083463
00412;6000;600;159;3284.43396226415;1443.47801905588;1306.00028616735;3248.58281425199;2.9676649306
00413;6100;700;168;3575;1641.00706629093;1271.81174242128;3560.85986897575;2.0633572035
00414;6100;600;276;3156.52173913044;1670.28795652352;1977.12842803419;3031.5843304348;0.860465875
00415;6100;600;288;3359.63541666667;1503.67741638265;2497.17785224247;3444.1738507718;1.6844450446
00416;6100;600;240;3707.8125;1722.29227975806;2006.44251908216;3650.41803226446;1.9202749242
00417;6000;1000;162;3703.7037037037;1553.85021256612;1289.21305366012;3663.89107517839;2.7436140019
00418;5700;1400;69;3288.04347826087;1379.53535906311;592.203821933222;3440.90453274626;5.6467712193
00419;6100;600;300;3563.75;1533.27382297512;2543.02578203244;3572.98213573536;2.4736690995
00420;6100;600;288;2870.57291666667;1634.64503543649;2023.98680817109;2751.5448582077;1.0964634301
00421;6100;700;147;3256.63265306122;1606.55582886349;1055.47464073825;3168.51245054326;1.5797533444
00422;5900;1100;177;3490.67796610169;1468.57637976543;1473.57098508432;3541.09221830452;4.1806958474
00423;5800;900;78;2688.46153846154;1504.04051213319;685.761377713195;2473.85121367194;0.9156586022
00424;6100;700;129;2976.16279069767;1650.42566853362;1039.75380348349;2835.3052974093;2.7190225226
00425;6100;600;153;3627.45098039216;1593.16943684254;1234.5827121884;3758.99939956737;3.0043215212
00426;5900;600;138;3467.39130434783;1575.55056040452;1121.75279503108;3505.09780929544;3.1468689331
00427;5900;1000;129;3212.79069767442;1447.56367343989;1170.86650354432;3211.56831887449;2.5419466923
00428;6100;600;222;3091.89189189189;1606.53945764918;1865.75832780258;3114.34740082805;1.9120027599
00429;6100;800;57;2575;1419.60916402066;509.589925752923;2688.23044290411;1.2671524306
00430;6000;1100;102;3455.88235294118;1385.74861130903;791.573004427476;3475.73441436304;2.6199995124
00431;6100;600;279;3378.49462365591;1516.68593152935;2336.42335881583;3554.98413654327;1.2961049136
00432;6100;700;288;3252.08333333333;1625.61433040544;2370.64267713624;3014.69349752667;0.9512539624
00433;6100;600;234;3301.28205128205;1697.87593305699;1918.64893898939;3232.35210954963;1.1135433521
00434;6100;1100;96;3693.75;1351.25672499422;776.78715358263;3776.48336495793;5.9799115781
00435;6000;600;225;3074.66666666667;1708.42430797253;1784.38617674736;2997.67399809576;0.2364360378
00436;6100;600;111;3454.05405405405;1756.65145214534;807.391961997677;3250.39880472668;2.0604668312
00437;6000;600;252;3337.79761904762;1539.16254028372;1971.66924345839;3170.96052595499;0.1703833626
00438;6100;600;99;3209.84848484849;1743.80762351508;867.444581752101;3075.5127828374;2.4751017348
00439;6000;600;150;3413;1640.54827960597;1288.74829071393;3421.42149468234;3.1101614435
00440;6100;600;237;3027.53164556962;1596.22300623906;1855.58548545042;3212.20480224982;1.0758487738
00441;6100;600;252;3538.9880952381;1651.35923365657;1956.17444370216;3571.3819840975;0.9234725686
00442;6100;600;201;3447.01492537313;1625.70478401711;1583.37928748758;3564.87471277211;1.1786372007
00443;6100;600;246;3156.70731707317;1522.43954730937;1934.17674352654;3050.40311364179;0.3205868762
00444;6100;600;297;3528.78787878788;1653.42612519405;2281.85460109649;3568.01660427931;1.3636163854
00445;6100;800;78;3097.11538461538;1544.964488986;739.020084107547;3028.4579511186;1.8790240596
00446;6100;800;81;3183.33333333333;1636.02032383464;673.123598378199;2907.79235109018;0.9018759019
00447;5900;900;81;3077.77777777778;1513.5998067521;604.192956743369;2907.60116705383;0.8447923488
00448;6100;600;183;3384.83606557377;1622.16328069698;1456.44045923308;3502.55541033094;1.5652887842
00449;6100;700;237;3437.3417721519;1540.48064439242;1758.63735318624;3713.71921441344;2.7251806919
00450;6000;600;207;3294.5652173913;1632.81468349257;1699.90892198461;3122.46943945947;1.7027396709
00451;6100;800;90;3234.16666666667;1444.66011126446;650.260273964601;3358.56718099995;2.0604653345
00452;6000;1200;57;3869.73684210526;1593.48377918047;394.030225071721;3924.04567165762;5.8162460568
00453;6000;700;45;2611.66666666667;1407.75651626654;408.880420438364;2768.7700307745;1.9861566261
00454;6100;600;300;3348.5;1557.45249609482;2523.74136615861;3364.71242764605;1.8698741775
00455;6100;1000;42;3110.71428571429;1759.91219689124;315.008727707944;3116.19976561213;3.875125544
00456;5700;1300;48;3093.75;1366.46285887354;330.469931261231;3084.9137667425;4.0098852041
00457;6100;900;93;3222.58064516129;1368.71619730014;818.794499918059;2959.07846798782;1.4404035631
00458;6000;800;144;3416.14583333333;1609.68297260368;1215.06292186759;3452.396239206;1.8731370623
00459;5900;1100;63;3766.66666666667;1543.35202849867;406.473553879988;3433.85057232161;4.7926671705
00460;6100;900;141;3376.06382978723;1634.73423009354;1334.96929215911;3352.33607551395;1.6572732152
00461;6000;800;87;3335.34482758621;1505.33234241036;618.292898396694;3422.44646859254;2.7362179792
00462;6100;800;84;3021.42857142857;1670.29839543006;756.436351398407;2980.7273676252;1.7343779617
00463;6000;900;78;3012.5;1362.44712753364;578.135985630325;2932.57379107047;1.3385539975
00464;6000;1100;81;3336.11111111111;1571.75757513683;597.770093686418;3362.78884522409;2.1976018453
00465;6100;800;45;3033.33333333333;1458.39069151271;404.877557497705;3230.34111249851;1.387440621
00466;6100;800;102;3436.76470588235;1572.75577136622;817.055902916744;3521.25383916818;3.3899128239
00467;6000;800;168;3210.71428571429;1585.94257714404;1200.49030137622;3251.11476301671;3.915650883
00468;6100;1100;174;3327.58620689655;1523.47021006803;1347.85785697201;3209.74533260965;1.5515356053
00469;5800;900;90;3715.83333333333;1524.16605490391;798.663008261321;3564.38131553894;3.3452339487
00470;6000;900;165;3254.09090909091;1520.43822637479;1231.55770311996;3303.27160411525;1.7392096157
00471;6100;900;144;3400.52083333333;1533.30584840004;1119.03336515997;3363.93941061901;2.7752166697
00472;6100;800;123;3333.53658536585;1604.54921044277;898.312248749543;3405.88977229668;2.4767801858
00473;5900;1000;141;3463.29787234043;1571.69594817046;1197.21787566548;3601.19747498505;3.7334821575
00474;6000;800;72;2514.58333333333;1427.96978653878;652.283391676242;2569.79731915753;0.8928963187
00475;6100;900;141;3221.27659574468;1490.32575588782;1233.70901644261;3384.01283734147;1.5433735568
00476;6000;800;117;3278.20512820513;1593.00240566555;936.090101623928;3455.31743087297;3.4867858786
00477;6000;800;75;2884;1611.70046174169;537.70354352762;2978.40686980402;1.8854687363
00478;5500;800;63;3080.95238095238;1394.90514683386;576.057895629331;3158.83218479012;4.6802073533
00479;6100;1100;93;3511.29032258065;1521.42094324213;680.436726686234;3689.32668317181;3.8388740925
00480;6100;800;69;3495.65217391304;1703.92581157617;529.744480519005;3212.72202268101;3.4716500637
00481;6000;800;183;3326.6393442623;1573.80166901315;1480.67065905704;3291.05982244898;1.6198181257
00482;6100;1000;186;3372.58064516129;1499.28841011476;1536.64598121994;3583.97167578124;2.7045327291
00483;6000;800;126;3654.7619047619;1598.92999936118;1000.73910950687;3435.10779306719;2.9213321849
00484;5800;800;51;2861.76470588235;1442.86479738381;430.299530975219;2791.88434126271;2.0151828847
00485;6100;800;150;2901.5;1653.85006888036;1449.01712697975;2984.47281758343;2.331841672
00486;6000;1000;69;3422.82608695652;1570.45761368089;496.496395830537;3284.52674142947;2.7022332506
00487;5700;1100;39;3196.15384615385;1441.82745041185;253.003638085377;3110.54494784513;2.8630766949
00488;5900;800;78;3209.61538461538;1688.65691832657;649.573905340202;3137.30493719542;1.8516313408
00489;6100;800;171;3259.21052631579;1531.92951846213;1320.28754284599;2994.31475496594;0.3705783268
00490;5900;1100;87;3491.37931034483;1543.76948997304;734.400707576667;3440.54704924703;3.4012475908
00491;6000;1100;87;3461.20689655172;1326.82935705485;631.539773372675;3569.53317939474;6.9044219453
00492;6000;900;132;3196.02272727273;1558.48707447691;1096.68028711843;3258.38142349529;2.5270061728
00493;6100;800;126;3253.57142857143;1703.73036096007;890.036569660091;3207.55073493164;0.6694747741
00494;6000;1100;141;3402.65957446808;1620.23670594228;1207.28399697541;3668.98889160677;5.0522476341
00495;6100;800;156;3451.92307692308;1674.03207098605;1202.63105779762;3571.54861276662;3.2727014857
00496;5300;1400;36;2712.5;1346.7619897899;259.406239364723;2358.18543742746;4.7695542964
00497;6100;800;159;3095.28301886792;1603.46531829918;1421.36249213409;3114.51425908483;2.559401524
00498;5900;800;108;2782.63888888889;1463.71797407574;806.119273792426;2583.22480402594;0.8292423422
00499;6000;1000;63;3421.42857142857;1432.7101626422;562.00983255041;3510.16698528792;2.9432157588
00500;5900;1400;48;3543.75;1541.64270635013;388.039969436541;3557.1241176245;7.1281084478
00501;6100;1400;57;4125;1517.06807220846;466.822959543809;3885.28785639598;6.3674451603
00502;5400;800;159;3160.84905660377;1347.07409223965;1112.58037820338;3224.03409936534;1.9515669516
00503;6000;1000;60;2898.75;1436.2839366261;498.004399116845;2588.38373285067;2.0061728395
00504;6100;1100;78;3566.34615384615;1452.14142657567;605.100662953041;3325.27089870131;3.7680058147
00505;6100;1875;51;3200;1320.48286622735;389.929499274666;3390.72891395549;6.9770502158
00506;6000;1300;84;3650;1424.80182515459;683.027364742237;3644.90350483116;6.5778000051
00507;5400;900;48;3143.75;1530.97017634279;492.940528412903;3294.61081034266;2.2708113804
00508;6100;800;162;3597.22222222222;1452.4903651555;1301.57017475603;3462.94556214626;3.6032223123
00509;6000;800;156;3737.5;1678.94336010826;1336.78796031166;3680.46876987262;2.9288633966
00510;5700;800;102;3462.5;1520.72623837402;754.143372204839;3292.75814656814;2.2783013668
00511;6100;1200;147;3709.69387755102;1487.85163041895;1216.67438042721;3706.29060424206;3.8023889839
00512;6000;1200;105;3047.14285714286;1571.97249577482;922.713282412433;2928.26218151521;2.523659306
00513;5800;1300;90;3670;1332.85618803288;598.143007659338;3829.6925218475;8.834699783
00514;6000;1200;141;3520.74468085106;1614.11728819835;1200.20056202311;3469.55573070493;4.1876563293
00515;6100;1200;156;3809.13461538462;1435.24777713181;1101.23344810194;3792.93033664441;3.562806874
00516;5900;1300;60;3392.5;1351.10830212378;483.896753644187;3247.50147777708;7.1713193293
00517;6100;1300;156;3698.55769230769;1398.7472516754;1096.19627810061;3637.67341218577;2.8169536817
00518;6100;1200;42;2939.28571428571;1507.80634206014;304.006882370086;3181.74630534634;4.6840958606
00519;6000;1200;105;3246.42857142857;1436.31819552326;1000.68704743845;3301.17634384362;3.5621154708
00520;6100;1300;102;3447.79411764706;1263.3402161521;767.009975341477;3480.24017397359;9.037077101
00521;6100;1500;66;3553.40909090909;1375.32434191159;556.917219244094;3750.93524841814;5.3009259259
00522;6100;1300;105;3291.42857142857;1490.14724270625;909.842298554191;3457.57072325835;2.3328862061
00523;5700;1800;78;4348.07692307692;1111.0262690996;545.812913916505;4443.27929499195;20.6757508343
00524;5800;1200;51;3677.94117647059;1377.79395283569;441.23679060405;3948.12791561838;12.923231646
00525;6100;1200;129;3410.46511627907;1389.28551244938;951.806455105156;3511.66117076868;3.644042949
00526;6000;1200;168;3570.08928571429;1350.56890576743;1324.41279640531;3530.24570771165;3.6440991491
00527;5800;1200;78;3390.38461538462;1389.99340585906;563.699788111923;3254.23265053509;1.577355229
00528;5400;1300;120;3393.75;1373.22173015434;1005.40182332922;3432.49832625035;5.6603773585
00529;6100;1300;165;3665.45454545455;1459.62812861219;1261.69382699194;3519.28821959987;4.8785266458
00530;6100;1200;57;3251.31578947368;1609.32980902316;397.293553315933;3388.26332736456;3.7665365947
00531;6000;1200;87;3342.24137931034;1608.77549104697;724.883024459816;3312.19744696519;2.6953846154
00532;6000;1200;174;3599.56896551724;1385.30029021155;1214.22025976312;3587.58592413206;3.4107454863
00533;6100;1200;162;3735.64814814815;1440.67144228789;1195.87793244981;3725.9483423613;3.2630268476
00534;6100;1500;135;3961.66666666667;1397.14127107579;988.035734523342;3996.47979524969;6.4690420561
00535;6100;1400;51;3533.82352941176;1563.43231009062;365.046709108695;3541.16166384371;4.0926619955
00536;6100;1200;120;3305;1483.72685429336;1015.04871113273;3286.8478347337;3.5286397697
00537;6100;1200;138;3532.60869565217;1385.17505513003;1070.20712513888;3630.3231896301;4.6507899001
00538;6000;1200;78;3730.76923076923;1374.83129470895;756.865869935104;3606.2785826417;5.4894657494
00539;6100;1700;120;3848.75;1512.6145001455;917.053205731485;3946.51721689282;6.8135699791
00540;6100;1200;63;3322.61904761905;1675.78649256509;623.370666113617;3201.97657229914;3.4718244877
00541;6100;1500;111;3513.51351351351;1515.76482263674;889.780142802084;3530.56501440936;5.4347826087
00542;6000;1300;93;3654.83870967742;1563.19879184738;784.213298648594;3349.49771248667;4.9289188178
00543;6100;1400;60;3300;1428.28568570857;431.519681020603;3265.73676564125;4.1478050321
00544;6000;1600;93;3558.06451612903;1460.9507833752;788.556524023695;3634.63159912876;6.0322854715
00545;5900;1300;117;3433.33333333333;1475.05479150133;990.613174307497;3519.77154861776;3.3280922432
00546;6100;1200;72;3610.41666666667;1403.87259915132;571.763705300597;3699.43436783358;7.7521670607
00547;5900;1300;96;3721.09375;1539.52029492529;974.659819355707;3718.59368196761;10.6313958339
00548;5700;1500;78;3416.34615384615;1234.74343333093;574.94984785413;3267.1925731414;4.9315586548
00549;6100;1500;57;3615.78947368421;1423.40631104256;419.710722862695;3643.24100285386;5.6512990989
00550;6000;1200;96;3666.40625;1160.68167428161;782.897340331828;3633.37208136659;6.7033531022
00551;5300;1800;36;2977.08333333333;1071.88710426318;269.256460950294;3266.06355707391;9.0308854816
00552;6100;1200;183;3565.5737704918;1432.37078652054;1465.90147902214;3571.63580383825;4.6054853176
00553;6100;1200;144;3385.41666666667;1576.89973119338;1164.58203459382;3382.75287041896;3.8613987141
00554;6100;1200;135;3617.77777777778;1657.58620885943;1108.0763316816;3311.1673045995;3.7364123963
00555;6000;1500;162;3961.11111111111;1385.42770936928;1321.64253873872;3842.46866199366;4.3599759615
00556;5900;1200;99;3455.30303030303;1361.09046509569;714.650627722535;3150.63000701851;3.4456528069
00557;6000;1200;129;3673.83720930233;1473.52568156434;1129.97068146966;3637.71413343606;3.7305154403
00558;5800;1300;123;3351.21951219512;1363.84015779328;894.590140069902;3365.24991704962;6.1447237236
00559;5900;1500;51;3414.70588235294;1383.52969312722;443.053176054179;3496.95336719521;5.8695500361
00560;6000;1500;39;3494.23076923077;1476.39832846407;249.586314282132;2861.05027849388;1.7623716153
00561;5900;1200;177;3772.45762711864;1400.39078541938;1465.97029479045;3785.33480965686;4.2393525067
00562;5800;1300;81;3300;1410.26925620606;684.963968537084;3268.7783109032;5.0334168755
00563;5700;1200;72;3434.375;1403.40028158473;524.079825798094;3465.26370555782;4.2596199787
00564;6100;1300;84;3408.03571428571;1560.19365068083;702.826494092573;3279.63265530316;2.7552505718
